{"a": 0.87, "b": 0.00017, "ks": 3, "mp": 0.05, "dt": 100, "output_range": [0, 35000], "sensor": "dispatch", "actuator": "wiops", "target": [50, 35, 20, 15, 10, 5], "device": "dm-1", "kp": 4708.920875159991, "ki": 5758.647220379226}